{
  "intercept": 716.803598560464,
  "coefficients": {
    "days": 76.63138231010782,
    "miles": 0.27284363067824996,
    "receipts": 1.4775182274617087,
    "miles_per_day": -1.0300423997414652,
    "receipts_per_day": 0.11821791167026419,
    "is_super_productivity": 109.89669143238012,
    "is_sweet_spot_efficiency": -6.109860504308655,
    "is_high_efficiency": 83.12426416278086,
    "is_extreme_miles": -40.77008226547606,
    "is_low_efficiency": -124.32271867357788,
    "is_5_day_trip": 2.7762049929430135,
    "is_sweet_spot_length": -17.66010756032233,
    "is_short_trip": 42.00178101009347,
    "is_long_trip": -24.34167344977061,
    "is_small_receipts": 35.4324571758528,
    "is_very_small_receipts": -220.8640564382931,
    "is_medium_receipts": -59.01733041255073,
    "is_high_receipts": -20.757573324645794,
    "is_very_high_receipts": 1.7044121034630781,
    "overspending_short": -17.524479795256614,
    "overspending_medium": 54.441235261117775,
    "overspending_long": 73.86210241160306,
    "has_rounding_bug": -428.3673519772643,
    "pseudo_submission_day": -0.6948559505570348,
    "is_tuesday_submission": 5.694143063254858,
    "is_friday_submission": 9.632154789901188,
    "efficiency_x_receipts": -2.8167224022240523e-05,
    "days_x_efficiency": 0.2728436163506414,
    "total_productivity": -2.8150293823109008e-05,
    "miles_squared": -7.376347547281264e-05,
    "receipts_squared": -0.0003689489392583772,
    "days_squared": -1.998636384118973,
    "miles_per_day_squared": 0.0006523721022539936,
    "log_miles": 49.61303290194201,
    "log_receipts": -155.66593365150766,
    "log_miles_per_day": -40.88615899971868,
    "ideal_combo": -43.54859408844869,
    "vacation_penalty": -166.56787299791657,
    "efficiency_bonus": 30.603465247121093
  },
  "feature_names": [
    "days",
    "miles",
    "receipts",
    "miles_per_day",
    "receipts_per_day",
    "is_super_productivity",
    "is_sweet_spot_efficiency",
    "is_high_efficiency",
    "is_extreme_miles",
    "is_low_efficiency",
    "is_5_day_trip",
    "is_sweet_spot_length",
    "is_short_trip",
    "is_long_trip",
    "is_small_receipts",
    "is_very_small_receipts",
    "is_medium_receipts",
    "is_high_receipts",
    "is_very_high_receipts",
    "overspending_short",
    "overspending_medium",
    "overspending_long",
    "has_rounding_bug",
    "pseudo_submission_day",
    "is_tuesday_submission",
    "is_friday_submission",
    "efficiency_x_receipts",
    "days_x_efficiency",
    "total_productivity",
    "miles_squared",
    "receipts_squared",
    "days_squared",
    "miles_per_day_squared",
    "log_miles",
    "log_receipts",
    "log_miles_per_day",
    "ideal_combo",
    "vacation_penalty",
    "efficiency_bonus"
  ],
  "mae": 85.6525189877229,
  "model_type": "LinearRegression"
}